Gene	TranscriptID	AAPosition
arps10	PF3D7_1460900.1	127
arps10	PF3D7_1460900.1	128
atp6	PF3D7_0106300.1	263
atp6	PF3D7_0106300.1	431
atp6	PF3D7_0106300.1	623
atp6	PF3D7_0106300.1	769
crt	PF3D7_0709000.1	72
crt	PF3D7_0709000.1	73
crt	PF3D7_0709000.1	74
crt	PF3D7_0709000.1	75
crt	PF3D7_0709000.1	76
crt	PF3D7_0709000.1	97
crt	PF3D7_0709000.1	220
crt	PF3D7_0709000.1	271
crt	PF3D7_0709000.1	326
crt	PF3D7_0709000.1	333
crt	PF3D7_0709000.1	356
crt	PF3D7_0709000.1	371
cytb	mal_mito_3:mRNA	133
cytb	mal_mito_3:mRNA	268
cytb	mal_mito_3:mRNA	284
dhfr-ts	PF3D7_0417200.1	16
dhfr-ts	PF3D7_0417200.1	51
dhfr-ts	PF3D7_0417200.1	59
dhfr-ts	PF3D7_0417200.1	108
dhfr-ts	PF3D7_0417200.1	164
dhfr-ts	PF3D7_0417200.1	185
dhfr-ts	PF3D7_0417200.1	306
dhps	PF3D7_0810800.1	436
dhps	PF3D7_0810800.1	437
dhps	PF3D7_0810800.1	540
dhps	PF3D7_0810800.1	581
dhps	PF3D7_0810800.1	613
fd	PF3D7_1318100.1	193
k13	PF3D7_1343700.1	441
k13	PF3D7_1343700.1	442
k13	PF3D7_1343700.1	443
k13	PF3D7_1343700.1	444
k13	PF3D7_1343700.1	445
k13	PF3D7_1343700.1	446
k13	PF3D7_1343700.1	447
k13	PF3D7_1343700.1	448
k13	PF3D7_1343700.1	449
k13	PF3D7_1343700.1	450
k13	PF3D7_1343700.1	451
k13	PF3D7_1343700.1	452
k13	PF3D7_1343700.1	453
k13	PF3D7_1343700.1	454
k13	PF3D7_1343700.1	455
k13	PF3D7_1343700.1	456
k13	PF3D7_1343700.1	457
k13	PF3D7_1343700.1	458
k13	PF3D7_1343700.1	459
k13	PF3D7_1343700.1	460
k13	PF3D7_1343700.1	461
k13	PF3D7_1343700.1	462
k13	PF3D7_1343700.1	463
k13	PF3D7_1343700.1	464
k13	PF3D7_1343700.1	465
k13	PF3D7_1343700.1	466
k13	PF3D7_1343700.1	467
k13	PF3D7_1343700.1	468
k13	PF3D7_1343700.1	469
k13	PF3D7_1343700.1	470
k13	PF3D7_1343700.1	471
k13	PF3D7_1343700.1	472
k13	PF3D7_1343700.1	473
k13	PF3D7_1343700.1	474
k13	PF3D7_1343700.1	475
k13	PF3D7_1343700.1	476
k13	PF3D7_1343700.1	477
k13	PF3D7_1343700.1	478
k13	PF3D7_1343700.1	479
k13	PF3D7_1343700.1	480
k13	PF3D7_1343700.1	481
k13	PF3D7_1343700.1	482
k13	PF3D7_1343700.1	483
k13	PF3D7_1343700.1	484
k13	PF3D7_1343700.1	485
k13	PF3D7_1343700.1	486
k13	PF3D7_1343700.1	487
k13	PF3D7_1343700.1	488
k13	PF3D7_1343700.1	489
k13	PF3D7_1343700.1	490
k13	PF3D7_1343700.1	491
k13	PF3D7_1343700.1	492
k13	PF3D7_1343700.1	493
k13	PF3D7_1343700.1	494
k13	PF3D7_1343700.1	495
k13	PF3D7_1343700.1	496
k13	PF3D7_1343700.1	497
k13	PF3D7_1343700.1	498
k13	PF3D7_1343700.1	499
k13	PF3D7_1343700.1	500
k13	PF3D7_1343700.1	501
k13	PF3D7_1343700.1	502
k13	PF3D7_1343700.1	503
k13	PF3D7_1343700.1	504
k13	PF3D7_1343700.1	505
k13	PF3D7_1343700.1	506
k13	PF3D7_1343700.1	507
k13	PF3D7_1343700.1	508
k13	PF3D7_1343700.1	509
k13	PF3D7_1343700.1	510
k13	PF3D7_1343700.1	511
k13	PF3D7_1343700.1	512
k13	PF3D7_1343700.1	513
k13	PF3D7_1343700.1	514
k13	PF3D7_1343700.1	515
k13	PF3D7_1343700.1	516
k13	PF3D7_1343700.1	517
k13	PF3D7_1343700.1	518
k13	PF3D7_1343700.1	519
k13	PF3D7_1343700.1	520
k13	PF3D7_1343700.1	521
k13	PF3D7_1343700.1	522
k13	PF3D7_1343700.1	523
k13	PF3D7_1343700.1	524
k13	PF3D7_1343700.1	525
k13	PF3D7_1343700.1	526
k13	PF3D7_1343700.1	527
k13	PF3D7_1343700.1	528
k13	PF3D7_1343700.1	529
k13	PF3D7_1343700.1	530
k13	PF3D7_1343700.1	531
k13	PF3D7_1343700.1	532
k13	PF3D7_1343700.1	533
k13	PF3D7_1343700.1	534
k13	PF3D7_1343700.1	535
k13	PF3D7_1343700.1	536
k13	PF3D7_1343700.1	537
k13	PF3D7_1343700.1	538
k13	PF3D7_1343700.1	539
k13	PF3D7_1343700.1	540
k13	PF3D7_1343700.1	541
k13	PF3D7_1343700.1	542
k13	PF3D7_1343700.1	543
k13	PF3D7_1343700.1	544
k13	PF3D7_1343700.1	545
k13	PF3D7_1343700.1	546
k13	PF3D7_1343700.1	547
k13	PF3D7_1343700.1	548
k13	PF3D7_1343700.1	549
k13	PF3D7_1343700.1	550
k13	PF3D7_1343700.1	551
k13	PF3D7_1343700.1	552
k13	PF3D7_1343700.1	553
k13	PF3D7_1343700.1	554
k13	PF3D7_1343700.1	555
k13	PF3D7_1343700.1	556
k13	PF3D7_1343700.1	557
k13	PF3D7_1343700.1	558
k13	PF3D7_1343700.1	559
k13	PF3D7_1343700.1	560
k13	PF3D7_1343700.1	561
k13	PF3D7_1343700.1	562
k13	PF3D7_1343700.1	563
k13	PF3D7_1343700.1	564
k13	PF3D7_1343700.1	565
k13	PF3D7_1343700.1	566
k13	PF3D7_1343700.1	567
k13	PF3D7_1343700.1	568
k13	PF3D7_1343700.1	569
k13	PF3D7_1343700.1	570
k13	PF3D7_1343700.1	571
k13	PF3D7_1343700.1	572
k13	PF3D7_1343700.1	573
k13	PF3D7_1343700.1	574
k13	PF3D7_1343700.1	575
k13	PF3D7_1343700.1	576
k13	PF3D7_1343700.1	577
k13	PF3D7_1343700.1	578
k13	PF3D7_1343700.1	579
k13	PF3D7_1343700.1	580
k13	PF3D7_1343700.1	581
k13	PF3D7_1343700.1	582
k13	PF3D7_1343700.1	583
k13	PF3D7_1343700.1	584
k13	PF3D7_1343700.1	585
k13	PF3D7_1343700.1	586
k13	PF3D7_1343700.1	587
k13	PF3D7_1343700.1	588
k13	PF3D7_1343700.1	589
k13	PF3D7_1343700.1	590
k13	PF3D7_1343700.1	591
k13	PF3D7_1343700.1	592
k13	PF3D7_1343700.1	593
k13	PF3D7_1343700.1	594
k13	PF3D7_1343700.1	595
k13	PF3D7_1343700.1	596
k13	PF3D7_1343700.1	597
k13	PF3D7_1343700.1	598
k13	PF3D7_1343700.1	599
k13	PF3D7_1343700.1	600
k13	PF3D7_1343700.1	601
k13	PF3D7_1343700.1	602
k13	PF3D7_1343700.1	603
k13	PF3D7_1343700.1	604
k13	PF3D7_1343700.1	605
k13	PF3D7_1343700.1	606
k13	PF3D7_1343700.1	607
k13	PF3D7_1343700.1	608
k13	PF3D7_1343700.1	609
k13	PF3D7_1343700.1	610
k13	PF3D7_1343700.1	611
k13	PF3D7_1343700.1	612
k13	PF3D7_1343700.1	613
k13	PF3D7_1343700.1	614
k13	PF3D7_1343700.1	615
k13	PF3D7_1343700.1	616
k13	PF3D7_1343700.1	617
k13	PF3D7_1343700.1	618
k13	PF3D7_1343700.1	619
k13	PF3D7_1343700.1	620
k13	PF3D7_1343700.1	621
k13	PF3D7_1343700.1	622
k13	PF3D7_1343700.1	623
k13	PF3D7_1343700.1	624
k13	PF3D7_1343700.1	625
k13	PF3D7_1343700.1	626
k13	PF3D7_1343700.1	627
k13	PF3D7_1343700.1	628
k13	PF3D7_1343700.1	629
k13	PF3D7_1343700.1	630
k13	PF3D7_1343700.1	631
k13	PF3D7_1343700.1	632
k13	PF3D7_1343700.1	633
k13	PF3D7_1343700.1	634
k13	PF3D7_1343700.1	635
k13	PF3D7_1343700.1	636
k13	PF3D7_1343700.1	637
k13	PF3D7_1343700.1	638
k13	PF3D7_1343700.1	639
k13	PF3D7_1343700.1	640
k13	PF3D7_1343700.1	641
k13	PF3D7_1343700.1	642
k13	PF3D7_1343700.1	643
k13	PF3D7_1343700.1	644
k13	PF3D7_1343700.1	645
k13	PF3D7_1343700.1	646
k13	PF3D7_1343700.1	647
k13	PF3D7_1343700.1	648
k13	PF3D7_1343700.1	649
k13	PF3D7_1343700.1	650
k13	PF3D7_1343700.1	651
k13	PF3D7_1343700.1	652
k13	PF3D7_1343700.1	653
k13	PF3D7_1343700.1	654
k13	PF3D7_1343700.1	655
k13	PF3D7_1343700.1	656
k13	PF3D7_1343700.1	657
k13	PF3D7_1343700.1	658
k13	PF3D7_1343700.1	659
k13	PF3D7_1343700.1	660
k13	PF3D7_1343700.1	661
k13	PF3D7_1343700.1	662
k13	PF3D7_1343700.1	663
k13	PF3D7_1343700.1	664
k13	PF3D7_1343700.1	665
k13	PF3D7_1343700.1	666
k13	PF3D7_1343700.1	667
k13	PF3D7_1343700.1	668
k13	PF3D7_1343700.1	669
k13	PF3D7_1343700.1	670
k13	PF3D7_1343700.1	671
k13	PF3D7_1343700.1	672
k13	PF3D7_1343700.1	673
k13	PF3D7_1343700.1	674
k13	PF3D7_1343700.1	675
k13	PF3D7_1343700.1	676
k13	PF3D7_1343700.1	677
k13	PF3D7_1343700.1	678
k13	PF3D7_1343700.1	679
k13	PF3D7_1343700.1	680
k13	PF3D7_1343700.1	681
k13	PF3D7_1343700.1	682
k13	PF3D7_1343700.1	683
k13	PF3D7_1343700.1	684
k13	PF3D7_1343700.1	685
k13	PF3D7_1343700.1	686
k13	PF3D7_1343700.1	687
k13	PF3D7_1343700.1	688
k13	PF3D7_1343700.1	689
k13	PF3D7_1343700.1	690
k13	PF3D7_1343700.1	691
k13	PF3D7_1343700.1	692
k13	PF3D7_1343700.1	693
k13	PF3D7_1343700.1	694
k13	PF3D7_1343700.1	695
k13	PF3D7_1343700.1	696
k13	PF3D7_1343700.1	697
k13	PF3D7_1343700.1	698
k13	PF3D7_1343700.1	699
k13	PF3D7_1343700.1	700
k13	PF3D7_1343700.1	701
k13	PF3D7_1343700.1	702
k13	PF3D7_1343700.1	703
mdr1	PF3D7_0523000.1	86
mdr1	PF3D7_0523000.1	184
mdr1	PF3D7_0523000.1	371
mdr1	PF3D7_0523000.1	1034
mdr1	PF3D7_0523000.1	1042
mdr1	PF3D7_0523000.1	1246
mdr2	PF3D7_1447900.1	484
PF3D7_1322700	PF3D7_1322700.1	236
PF3D7_1451200	PF3D7_1451200.1	71
pib7	PF3D7_0720700.1	1484
pph	PF3D7_1012700.1	1157
exo	PF3D7_1362500.1	415
ama1	PF3D7_1133400.1	162
ama1	PF3D7_1133400.1	172
ama1	PF3D7_1133400.1	175
ama1	PF3D7_1133400.1	187
ama1	PF3D7_1133400.1	190
ama1	PF3D7_1133400.1	196
ama1	PF3D7_1133400.1	197
ama1	PF3D7_1133400.1	200
ama1	PF3D7_1133400.1	201
ama1	PF3D7_1133400.1	204
ama1	PF3D7_1133400.1	206
ama1	PF3D7_1133400.1	225
ama1	PF3D7_1133400.1	230
ama1	PF3D7_1133400.1	242
ama1	PF3D7_1133400.1	267
ama1	PF3D7_1133400.1	282
ama1	PF3D7_1133400.1	283
ama1	PF3D7_1133400.1	292
ama1	PF3D7_1133400.1	308
