Sample_ID,crt_76T,dhfr_51I,dhfr_59R,dhfr_108N,dhps_437G,dhps_540E,dhps_581G,mdr1_N86,mdr1_184F,mdr1_D1246,k13_433D,k13_441L,k13_574L,k13_622I,k13_658E,k13_675V
AFWO3422,0,1,0,1,1,1,0,1,0,1,0,0,0,0,0,0
AFWO3423,1,1,1,1,1,1,0,1,1,1,0,0,0,0,0,0
AFWO3424,1,1,0.023384546,1,1,1,0,1,1,1,0,0,0,0,0,0
AFWO3425,1,1,0,1,1,1,0,1,1,1,0,0,0,0,0,0
AFWO3426,1,1,1,1,1,1,0,1,1,1,0,0,0,0,0,0
AFWO3427,1,1,0,1,1,1,0,1,1,1,0,0,0,0,0,0
AFWO3428,1,1,0,1,1,1,0,1,1,1,0,0,0,0,0,0
AFWO3429,1,1,0,1,1,1,0,1,1,1,0,0,0,0,0,0
AFWO3430,1,1,0,1,1,1,0,1,1,1,0,0,0,0,0,0
AFWO3431,1,1,1,1,1,1,0,1,1,1,0,0,0,0,0,0
AFWO3432,1,1,0,1,1,1,0,1,1,1,0,0,0,0,0,0
AFWO3433,1,1,0,1,1,1,0,1,1,1,0,0,0,0,0,0
AFWO3434,1,1,1,1,1,1,0,1,1,1,0,0,0,0,0,0
AFWO3435,0,1,0,1,1,1,0,1,0,1,0,0,0,0,0,0
AFWO3436,1,1,1,1,1,1,0,1,1,1,0,0,0,0,0,0
AFWO3437,NA,1,1,1,NA,1,NA,NA,NA,NA,NA,NA,NA,NA,NA,NA
AFWO3438,1,1,0,1,1,1,0,1,1,1,0,0,0,0,0,0
AFWO3439,1,1,1,1,1,1,0,1,1,1,0,0,0,0,0,0
AFWO3440,1,1,1,1,1,1,0,1,1,1,0,0,0,0,0,0
AFWO3441,1,1,1,1,1,1,0,1,1,1,0,0,0,0,0,0
AFWO3442,1,1,1,1,1,1,0,1,1,1,0,0,0,0,0,0
AFWO3443,1,1,1,1,1,1,0,1,1,1,0,0,0,0,0,0
AFWO3444,1,1,1,1,1,1,0,1,1,1,0,0,0,0,0,0
AMAN030929,0.044329675,1,0.03322223,1,1,1,0,1,1,1,0,0,0,0.97437575,0,0
AMAN030930,NA,NA,NA,NA,NA,NA,NA,NA,NA,NA,NA,NA,NA,NA,NA,NA
AMAN030931,NA,1,0,1,1,1,0,1,NA,1,0,0,NA,NA,0,0
AMAN030932,0.83982684,1,0.969744318,1,1,0.933633296,0,1,1,1,0,0,0,0,0,0
AMAN030933,1,1,0,1,1,1,0,1,1,1,0,0,0,0,0,0
AMAN030934,0,1,0,1,1,1,0,1,1,1,0,0,0,0.979038224,0,0
AMAN030935,NA,1,1,1,NA,1,NA,NA,NA,1,0,0,NA,NA,0,0
AMAN030936,1,1,1,1,1,1,0,1,1,1,0,0,0,1,0,0
AMAN030937,0.868331543,1,0.845217621,1,1,1,0,1,1,1,0,0,0,0.955007257,0,0
AMAN030938,0.782830429,1,0.649400328,1,0.950650468,0.69988576,0,1,1,1,0,0,0,0.855136733,0,0
AMAN030939,0.939289805,1,0.718335788,1,0.963029067,0.786301528,0,1,1,1,0,0,0,0.92228739,0,0
AMAN030940,0.826487252,0.972508352,0.656806793,1,0.959356247,0.856641684,0,1,1,1,0,0,0,0.696103896,0,0
AMAN030941,0.35235732,0.909817999,0.555828453,1,0.742966142,0.67562847,0.026455026,1,0.945682451,1,0,0,0,0.438202247,0,0
AMAN030942,0.255416192,0.955920484,0.737770095,1,0.773446546,0.709906635,0.0265625,1,0.935401343,NA,0,0,0,0.425061425,0,0
AMAN030943,0.94807822,1,1,1,1,0.971006122,0,1,1,1,0,0,0,0,0,0
AMAN030944,1,1,1,1,1,1,0,1,1,1,0,0,0,0,0,0
AMAN030945,0.604458918,1,0.618304442,1,0.94128924,0.906246104,0,1,1,1,0,0,0,0.387252535,0,0
AMAN030946,1,1,1,1,1,1,0,1,1,1,0,0,0,0,0,0
AMAN030947,1,1,1,1,1,0.978225806,0,1,1,1,0,0,0,0,0,0
AMAN030948,1,1,1,1,1,1,0,1,1,1,0,0,0,0,0,0
AMAN030949,1,1,1,1,1,1,0,1,1,1,0,0,0,0,0,0
AMAN030950,1,1,1,1,1,1,0,1,1,1,0,0,0,0,0,0
AMAN030951,1,1,1,1,1,1,0,1,1,1,0,0,0,0,0,0
AMAN030952,1,1,1,1,1,1,0,1,1,1,0,0,0,0,0,0
AMAN030953,0.916994411,1,0.877627885,1,1,1,0,1,1,1,0,0,0,0.07168784,0,0
AMAN030954,NA,NA,NA,NA,NA,NA,NA,NA,NA,NA,NA,NA,NA,NA,NA,NA
AMAN030955,NA,NA,NA,NA,NA,NA,NA,NA,NA,NA,NA,NA,NA,NA,NA,NA
AMAN030956,1,1,0,1,1,1,1,1,1,1,0,0,0,1,0,0
AMAN030957,1,1,0,1,1,0.966232853,1,1,1,1,0,0,0,1,0,0
AMAN030958,1,1,0,1,0.916878711,1,1,1,1,1,0,0,0,1,0,0
AMAN030959,NA,1,0,1,NA,NA,NA,NA,NA,NA,0,0,NA,NA,NA,NA
AMAN030960,NA,1,0,1,NA,1,0.873134328,NA,NA,1,0,0,NA,NA,0,0
AMAN030961,0.934934397,1,0.057698905,1,1,1,1,1,1,1,0,0,0,0.925216822,0,0
AMAN030962,NA,NA,NA,NA,NA,NA,NA,NA,NA,NA,NA,NA,NA,NA,NA,NA
AMAN030963,NA,NA,NA,NA,NA,NA,NA,NA,NA,NA,NA,NA,NA,NA,NA,NA
AMAN030964,1,1,0,1,1,1,0,1,1,1,0,0,0,1,NA,NA
AMAN030965,NA,1,0,1,NA,1,NA,NA,NA,NA,NA,NA,NA,NA,NA,NA
AMAN030966,0,1,0,1,1,1,1,1,1,1,0,0,0,0,0,0
AMAN030967,1,1,0,1,1,1,0,1,1,1,0,0,0,1,0,0
AMAN030968,1,1,0,1,1,1,0,1,1,1,0,0,0,1,0,0
AMAN030969,1,1,0,1,1,1,0,1,1,1,0,0,0,0.95786126,0,0
AMAN030970,1,1,0.023368251,1,NA,1,NA,NA,1,NA,0,0,NA,NA,NA,NA
AMAN030971,0.841992501,0.978668204,0.027169213,1,1,0.85669587,0,1,1,1,0,0,0,0,0,0
AMAN030972,1,1,0,1,1,1,0,NA,1,1,0,0,NA,NA,0,0
AMAN030973,1,1,0,1,1,1,0,1,1,1,0,0,0,0,0,0
AMAN030974,1,1,0,1,1,1,0,NA,1,1,0,0,NA,NA,0,0
AMAN030975,1,1,0,1,1,1,0,1,1,1,0,0,0,0,0,0
AMAN030976,0.978089254,1,0,1,1,0.970446735,0,1,1,1,0,0,0,0.024422617,0,0
AMAN030977,1,1,0.973285818,1,1,1,0,1,1,1,0,0,0,0,0,0
AMAN030978,1,1,0,1,1,1,0,1,1,1,0,0,0,0,0,0
AMAN030979,1,1,0,1,1,1,NA,NA,1,NA,0,0,0,0,0,0
AMAN030980,1,1,0,1,1,1,0,1,1,1,0,0,0,0,0,0
AMAN030981,0.804054054,1,0,1,1,0.821226849,0,1,1,1,0,0,NA,NA,0,0
AMAN030982,NA,NA,NA,NA,NA,NA,NA,NA,NA,NA,NA,NA,NA,NA,NA,NA
AMAN030983,1,1,0.039554088,1,1,1,0,1,1,1,0,0,0,0,0,0
AMAN030984,1,1,1,1,1,1,0,1,1,1,0,0,0,0,0,0
AMAN030985,1,1,0.977580317,1,1,1,0,1,1,1,0,0,0,0,0,0
AMAN030986,1,1,1,1,1,1,0,1,1,1,0,0,0,0,0,0
AMAN030987,1,1,1,1,1,1,0,1,1,1,0,0,0,0,0,0
AMAN030988,1,1,1,1,1,1,0,1,1,1,0,0,0,0,0,0
AMAN030989,1,1,1,1,1,1,0,1,1,1,0,0,0,0,0,0
AMAN030990,1,1,1,1,1,1,0,1,1,1,0,0,0,0,0,0
AMAN030991,1,1,1,1,1,1,0,1,1,1,0,0,0,0,0,0
AMAN030992,1,1,1,1,1,1,0,1,1,1,0,0,0,0,0,0
AMAN030993,1,1,1,1,1,1,0,1,1,1,0,0,0,0,0,0
AMAN030994,1,1,0.365933286,1,1,1,0,1,1,1,0,0,0,0.640091116,0,0
AMAN030995,1,1,0.211809674,1,1,1,0,1,1,1,0,0,0,0.758496601,0,0
AMAN030996,1,1,0.237691614,1,1,1,0,1,1,1,0,0,0,0.7515625,0,0
AMAN030997,1,1,0.286134608,1,1,1,0,1,1,1,0,0,0,0.736046512,0,0
AMAN030998,0.832054176,1,0.310563883,1,0.962561232,0.906487538,0,1,1,1,0,0,0,0.70031463,0,0
AMAN030999,1,1,0.334250955,1,1,1,0,1,1,1,0,0,0,0.675421209,0,0
AMAN031000,1,1,0.15147732,1,1,1,0,1,1,1,0,0,0,0.836570477,0,0
AMAN031001,1,1,0,1,1,1,0,1,1,1,0,0,0,1,0,0
AMAN031002,1,1,0,1,1,1,0,1,1,1,0,0,0,1,0,0
AMAN031003,1,1,0,1,1,1,0,1,1,1,0,0,0,1,0,0
AMAN031004,1,1,0,1,1,1,0,1,1,1,0,0,0,0,0,0
AMAN031005,1,1,0,1,1,1,0,1,1,1,0,0,0,0,0,0
AMAN031006,NA,NA,NA,NA,NA,NA,NA,NA,NA,NA,NA,NA,NA,NA,NA,NA
AMAN031007,1,1,0,1,1,1,0,1,1,1,0,0,0,0,0,0
AMAN031008,1,1,0,1,1,1,0,1,1,1,0,0,0,0,0,0
AMAN031009,1,1,0,1,1,1,0,1,1,1,0,0,0,0,0,0
AMAN031010,1,1,0,1,1,1,0,1,1,1,0,0,0,0,0,0
AMAN031011,1,1,0,1,1,1,0,1,1,1,0,0,0,0,0,0
AMAN031012,1,1,0,1,1,1,0,1,1,1,0,0,0,0,0,0
AMAN031013,1,1,0,1,1,1,0,1,1,1,0,0,0,0,0,0
AMAN031014,1,1,0,1,1,1,0,1,1,1,0,0,0,0,0,0
AMAN031015,1,1,0,1,1,1,0,1,1,1,0,0,0,0,0,0
AMAN031016,1,1,0,1,1,1,0,1,1,1,0,0,0,0,0,0
AMAN031017,0.96621228,1,1,1,1,0.966147544,0.976850177,1,1,1,0,0,0,0,0,0
AMAN031018,0.895238095,0.959214502,0.959214502,1,0.965255448,1,0.938937351,1,1,1,0,0,0,0,0,0
AMAN031019,1,1,1,1,1,0.947162965,1,1,1,1,0,0,0,0,0,0
AMAN031020,1,1,1,1,1,1,1,1,1,1,0,0,0,0,0,0
AMHA1701,NA,1,0,1,NA,0,NA,NA,1,NA,NA,NA,NA,NA,NA,NA
AMHA1702,1,1,0,1,1,1,0,1,1,1,0,0,0,0,0,0
AMHA1703,0,1,0,1,0,0,0,1,1,1,0,0,0,0,0,0
AMHA1704,1,1,0,1,1,1,NA,NA,1,NA,0,0,NA,NA,0,0
AMHA1705,1,NA,NA,NA,1,NA,NA,1,NA,NA,0,0,NA,NA,NA,NA
AMHA1706,1,1,0,1,0,0,0,1,1,1,0,0,0,0,0,0
AMHA1707,0,1,1,1,1,1,0,1,1,1,0,0,0,0,0,0
AMHA1708,1,1,0,1,1,1,0,1,1,1,0,0,0,1,0,0
AMHA485,1,1,0,1,0,0,0,1,1,1,0,0,0,0,0,0
AMHA4853,1,1,0,1,0,0,0,1,1,1,0,0,0,0,0,0
AMHA4854,1,1,0,1,0,0,0,1,1,1,0,0,0,1,0,0
AMHA4855,0.896613191,1,0.035529144,1,1,1,0,1,1,1,0,0,NA,NA,0,0
AMHA4856,1,1,0,1,0.16418627,0.159446669,0,1,1,1,0,0,NA,NA,0,0
AMHA4857,1,1,0,1,1,1,0,1,1,1,0,0,0,0,0,0
AMJI031333,1,1,1,1,1,0.967564259,0,1,1,1,0.936933107,0,0,0,0,0
AMJI031334,0,1,0,1,1,1,0,1,0.9318542,1,0,0,0,0,0,0
AMJI031335,1,1,1,1,1,1,0,1,1,1,0,0,0,1,0,0
AMJI031336,0.968259759,1,0.067123742,1,0.025623583,0,0.027945073,1,1,1,0,0,0,0,0,0
AMJI031337,1,1,1,1,1,1,0,1,1,1,0,0,0,0,0,0
AMJI031338,0,1,0,1,1,1,0,1,0,1,0,0,0,0,0,0
AMJI031339,1,1,0.646886252,1,1,1,0,1,1,1,0.3104,0,0,0,0,0
AMJI031340,0,1,0,1,1,1,0,1,0,1,0,0,0,0,0,0
AMJI031341,1,1,0,1,0,0,0,1,1,1,0,0,0,0,0,0
AMJI031342,1,1,1,1,1,1,0,1,1,1,0,0,0,0,0,0
AMJI031343,0.034090909,1,0,1,1,1,0,1,0.026711698,1,0.471264368,0,0,0,0,0
AMJI031344,0,1,0,1,1,1,0,1,1,1,0,0,0,0,0,0
AMWO031582,NA,1,1,1,1,1,NA,NA,NA,NA,0,0,NA,NA,NA,NA
AMWO031583,0.101214575,1,0,1,1,0.944862155,0,1,1,1,0,0,NA,NA,0,0
AMWO031584,0.065671642,1,0.028845422,1,0.966738583,0.905950895,0,1,1,1,0,0,NA,NA,0,0
AMWO031585,0,1,1,1,1,1,0,1,1,1,0,0,0,0,0,0
AMWO031586,0,1,1,1,1,1,0,1,1,1,0,0,0,0,0,0
AMWO031587,0,1,1,1,1,1,0,1,0.978793419,1,0,0,0,0,0,0
DILE6071,1,1,1,1,1,1,0,1,1,1,0,0,0,0,0,0
DILE6072,1,1,1,1,1,1,0,1,1,1,0,0,0,0,0,0
DILE6073,0.384810127,1,1,NA,0.368362832,1,0,1,NA,1,0,0,NA,NA,NA,NA
DILE6074,0.976040978,1,0,1,1,1,0,1,1,1,0,0,0,0,0,0
DILE6076,1,1,1,1,1,1,0,1,1,1,0,0,0,0,0,0
DILE6078,0.214388489,1,0.159016986,1,1,1,0,1,0.156962025,1,0,0,0,0,0,0
DILE6079,NA,1,1,1,1,1,0,1,NA,1,0,0,NA,NA,0,0
DILE6080,0,0,0,NA,NA,1,NA,1,0.958917589,NA,NA,NA,0,0,NA,NA
DILE6081,0,1,1,1,1,1,0,1,0,1,0,0,0,0,0,0
DILE6082,0,1,1,1,1,1,0,1,0,1,0,0,0,0,0,0
DILE6083,1,1,1,1,1,1,0,1,1,1,0,0,0,0,0,0
DILE6084,1,1,1,1,1,1,0,1,1,1,0,0,0,0,0,0
DILE6085,0.04978355,0.336134454,0.336134454,0.288598694,1,1,0,1,1,1,0,0,0,0,0,0
DILE6086,1,1,0,1,1,1,0,1,1,1,0,0,0,1,0,0
DILE6087,1,1,1,1,1,1,0,1,1,1,0,0,0,0.162436548,0,0
DILE6088,NA,NA,NA,1,1,0.51285823,0,NA,NA,NA,NA,NA,NA,NA,NA,NA
DILE6089,NA,1,0,1,NA,0,NA,NA,NA,NA,0,0,NA,NA,NA,NA
DILE6090,0,1,0.845404019,1,0.835144928,0.854715454,0,1,1,1,0,0,0,0,0,0
DILE6091,1,1,1,1,1,1,0,1,1,1,0,0,0,0,0,0
DILE6092,1,1,0,1,1,1,0,1,1,1,0,0,0,1,0,0
DILE6093,0,1,0,1,1,0.974561513,0,1,0.022522523,1,0,0,0,0,0,0
DILE6094,0,1,0,1,1,1,0,1,0,1,0,0,0,0,0,0
DILE6095,1,1,0.672715054,1,1,1,0,1,1,1,0,0,0,0,0,0
DILE6096,NA,NA,NA,NA,NA,NA,NA,NA,NA,NA,NA,NA,NA,NA,NA,NA
DILE6097,1,1,0.595718654,1,1,0.752416844,0,NA,1,1,0,0,NA,NA,0,0
DILE6098,1,1,0,1,1,1,0,1,1,1,0,0,0,1,0,0
DILE6099,1,1,0,1,1,1,0,1,1,1,0,0,0,1,0,0
DILE6100,1,1,1,1,0.924480272,0,0,1,1,1,0,0,NA,NA,0,0
GAAB2301,0.092898833,1,1,1,0,0.580764249,0,1,1,1,0,0,0,0,0,0.095361611
GAAB2302,0,1,0.300567334,1,0.094387755,0.431875238,0,1,0.240904621,1,0,0,NA,NA,0,0
GAAB2303,0,0,0,0,0,0,0,1,1,1,0,0,0,0,0,0
GAAB2304,0,1,0,1,0,0,0,1,1,1,0,0,0,0,0,0
GAAB2305,0.079809976,1,0.962518264,1,1,0.845304602,0,1,1,1,0,0,0,0,0,0
GAAB2306,0,1,1,1,0,0,0,1,1,1,0,0,0,0,0,0.032375741
GAAB2307,0,1,0,1,1,1,0,1,1,1,0,0,0,0,0,0
GAAB2308,0,0.978471801,0.978471801,0.974054054,0.123678059,0.032834268,0.137952822,1,0.086475707,1,0.737492593,0,0,0,0,0
GAAB2309,0,1,0,1,1,1,0,1,1,1,0,0,0,0,0,0
GAAB2310,1,1,0,1,0.041489863,0,0,1,1,1,0,0,NA,NA,0,0
GAAB2311,0,1,1,1,0,0.078846969,0,1,1,1,0,0,NA,NA,0,0
GAAB2312,0.0430839,1,0.057846607,1,0.867410568,0.944026506,0.025383142,1,1,1,0,0,0,0,0,0
SEBI1501,1,1,1,1,1,1,0,1,1,1,0,0,0,0,0,0
SEBI1502,1,1,1,1,1,1,0,1,1,1,0,0,0,0,0,0
SEBI1503,1,1,1,1,1,1,0,1,1,1,0,0,0,0,0,0
SEBI1504,1,0,1,1,1,1,0,1,1,1,0,0,0,0,0,0
SEBI1505,NA,NA,NA,NA,NA,NA,NA,NA,NA,NA,NA,NA,NA,NA,NA,NA
SEBI1506,0.954270343,1,1,1,1,0.957574245,0,1,1,1,0,0,0,0,0,0
SEBI1507,0.973368842,0.023239486,1,1,1,0.965409191,0,1,1,1,0,0,0,0,0,0
SEBI1508,1,0,1,1,1,1,0,1,1,1,0,0,0,0,0,0
SEBI1509,1,1,1,1,1,1,0,1,1,1,0,0,0,0,0,0
SEBI1510,1,1,1,1,1,1,0,1,1,1,0,0,0,0,0,0
SEBI1511,1,1,1,1,1,1,0,1,1,1,0,0,0,0,0,0
SEBI1512,1,1,1,1,1,1,0,1,1,1,0,0,0,0,0,0
SEBI1513,0.973512907,1,1,1,1,1,0,1,1,1,0,0,0,0,0,0
SEBI1514,0.977701544,1,1,1,1,1,0,1,1,1,0,0,0,0,0,0
SEBI1515,1,1,1,1,1,1,0,1,1,1,0,0,0,0,0,0
SEBI1516,1,1,1,1,1,1,0,1,1,1,0,0.29302577,0,0,0,0
SEBI1517,NA,NA,NA,NA,NA,NA,NA,NA,NA,NA,NA,NA,NA,NA,NA,NA
SEBI1518,1,1,1,1,1,1,0,1,1,1,0,0,0,0,0,0
SEBI1519,NA,NA,NA,NA,NA,NA,NA,NA,NA,NA,NA,NA,NA,NA,NA,NA
SEBI1520,1,0.155698637,1,1,1,1,0,1,1,1,0,0.152322614,0,0,0,0
SEBI1521,1,1,1,1,1,1,0,1,1,1,0,0,0,0,0,0
SEBI1522,NA,1,0.057283142,1,0.973170344,0.946535006,0,1,1,1,0,0,NA,NA,0,0
SEBI1523,1,0.873395804,1,1,1,1,0,1,1,1,0,0.193889542,0,0,0,0
SEBI1524,1,1,1,1,1,1,0,1,1,1,0,1,0,0,0,0
SEBI1525,1,0,1,1,1,1,0,1,1,1,0,0,0,0,0,0
SEBI1526,1,0.857413728,1,1,1,1,0,1,1,1,0,0.142681048,0,0,0,0
SEBI1527,1,1,1,1,1,1,0,1,1,1,0,0,0,0,0,0
SEBI1528,0.379177378,0.960034538,0.855433576,1,0.849061887,0.751676273,0,1,0.955538809,1,0,0,0,0,0,0
SEBI1529,1,1,1,1,1,1,0,1,1,1,0,0,0,0,0,0
SEBI1530,0.042748092,1,0.979166667,1,0.975585938,0.897403286,0,1,0.083016257,1,0,0,0,0,0,0
SEBI1531,1,1,1,1,1,1,0,1,1,1,0,0,0,0,0,0
SEBI1532,1,1,1,1,1,1,0,1,1,1,0,0,0,0,0,0
SEBI1533,1,1,1,1,1,1,0,1,1,1,0,0,0,0,0,0
SEBI1534,1,1,1,1,1,1,0,1,1,1,0,0,0,0,0,0
SEBI1535,1,1,1,1,1,1,0,1,1,1,0,0,0,0,0,0
SEBI1536,0.045375218,1,0.031892892,1,1,0.976627713,0,1,1,1,0,0,0,0,0,0
SEBI1537,1,1,1,1,1,1,0,1,1,1,0,0,0,0,0,0
SEBI1538,1,1,1,1,1,1,0,1,1,1,0,0,0,0,0,0
SEBI1539,1,1,0,1,1,1,0,1,1,1,0,0,0,0,0,0
SEBI1540,1,1,1,1,1,1,0,1,1,1,0,0,0,0,0,0
SEBI1541,1,1,1,1,1,1,0,1,1,1,0,0,0,0,0,0
SEBI1542,1,0,1,1,1,1,0,1,1,1,0,0,0,0,0,0
SEBI1543,1,1,0,1,1,1,0,1,1,1,0,0,0,0,0,0
SEBI1544,1,1,0,1,1,1,0,1,1,1,0,0,0,1,0,0
SEBI1545,1,1,1,1,1,1,0,1,1,1,0,0,0,0,0,0
SEBI1546,1,1,1,1,1,1,0,1,1,1,0,0,0,0,0,0
SEBI1547,1,1,1,1,1,1,0,1,1,1,0,0,0,0,0,0
SEBI1548,1,1,1,1,1,1,0,1,1,1,0,0,0,0,0,0
SEBI1549,1,1,1,1,1,1,0,1,1,1,0,0,0,0,0,0
SEBI1550,1,1,0,1,1,1,0,1,1,1,0,0,0,0,0,0
SEBI1551,1,1,1,1,1,1,0,1,0,1,0,0,0,0,0,0
SEBI1552,1,1,1,1,1,1,0,1,1,1,0,0,0,0,0,0
SEBI1553,1,1,1,1,1,1,0,1,1,1,0,0,0,0,0,0
SEBI1554,0.08068583,1,1,1,0.090147921,0.08873533,0,1,1,1,0,0,0,0,0,0
SEBI1555,0.919184821,1,1,1,1,1,0,1,1,1,0,1,0,0,0,0
SEBI1556,0,1,0.806605575,1,0.213562307,0.212194056,0,1,1,1,0,0,0,0,0,0
SEBI1557,1,1,1,1,0,1,0,1,1,1,0,0,0,0,0,0
SEBI1558,1,1,0.97794833,1,1,1,0,1,1,1,0,1,0,0,0,0
SEBI1559,1,1,1,1,1,1,0,1,1,1,0,0.142663482,0,0,0,0
SEBI1560,1,1,1,1,1,1,0,1,1,1,0,0,0,0,0,0
SEBI1561,0.954643629,0.069337742,0.977146747,1,1,1,0,1,1,1,0,0,0,0,0,0
SEBI1562,NA,1,0.939398142,1,1,0.866013986,0,1,1,1,0,0,NA,NA,0,0
SEBI1563,1,1,0.901398049,NA,NA,1,NA,NA,1,NA,NA,NA,0,0,NA,NA
SEBI1564,1,1,1,1,1,1,0,1,1,1,0,0,0,0,0,0
SEBI1565,1,1,1,1,1,1,0,1,1,1,0,0,0,0,0,0
SEBI1566,1,1,0.956531937,1,1,1,0,1,1,1,0,0,0,0,0,0
SEBI1567,NA,1,1,1,1,1,0,1,1,1,0,0,NA,NA,0,0
SEBI1568,1,1,1,1,1,1,0,1,1,1,0,0,0,0,0,0
SEBI1569,0.970863684,0,1,1,1,0.939677068,0,1,0.965903037,1,0,0,0,0,0,0
SEBI1570,NA,1,0.954331333,1,1,0.916068569,0,1,1,1,0,0,NA,NA,0,0
SEBI1571,NA,1,0.870327015,1,1,1,0,1,1,1,0,0,0,0,0,0
SEBI1572,1,1,1,1,1,1,0,1,1,1,0,0,0,0,0,0
SEBI1573,0.82122905,1,0.957921087,1,1,0.973100691,0,1,0.911764706,1,0,0,0,0,0,0
SEBI1574,1,1,1,1,1,1,0,1,1,1,0,0,0,0,0,0
SEBI1575,1,1,1,1,1,1,0,1,1,1,0,0,0,0,0,0
SEBI1576,NA,1,1,1,1,1,0,1,NA,1,0,0,NA,NA,0,0
SEBI1577,1,1,1,1,1,1,0,1,1,1,0,0,0,0,0,0
SEBI1578,NA,1,1,1,1,0.975602877,0,1,1,1,0,0,0,0,0,0
SEBI1579,1,0.790765634,0.209234366,1,1,1,0,1,1,1,0,0,0,0,0,0
SEBI1580,1,1,1,1,1,1,0,1,1,1,0,0,0,0,0,0
SEBI1581,1,1,1,1,1,1,0,1,1,1,0,0,0,0,0,0
SEBI1582,1,1,1,1,1,1,0,1,1,1,0,0,0,0,0,0
SEBI1583,1,1,1,1,1,1,0,1,1,1,0,0,0,0,0,0
SEBI1584,1,1,0.331037827,1,1,1,0,1,1,1,0,0,0,0,0,0
SEBI1585,1,1,0,1,1,1,0,1,1,1,0,0,0,0,0,0
SEBI1586,0,1,1,1,1,1,0,1,1,1,0,0,0,0,0,0
SEBI1587,1,1,1,1,1,1,0,1,1,1,0,0,0,0,0,0
SEBI1588,0.718213058,1,0.927487352,1,0.929306795,0.737389123,0.035574156,1,0.95979021,1,0,0,0,0,0,0
SEBI1589,1,1,0,1,1,1,0,1,1,1,0,0,0,0,0,0
SEBI1590,1,1,1,1,1,1,0,1,1,1,0,0,0,0,0,0
SEBI1591,1,1,0.708985248,1,1,1,0,1,1,1,0,0,0,0,0,0
SEBI1592,1,0,1,1,1,1,0,1,1,1,0,0,0,0,0,0
SILR5500,1,1,1,1,1,1,0,1,1,1,0,0,1,0,0,0
SILR5501,1,1,1,1,1,1,0,1,1,1,0,0,1,0,0,0
SILR5502,1,1,1,1,1,1,0,1,1,1,0,0,1,0,0,0
SILR5503,1,1,1,1,1,1,0,1,1,1,0,0,1,0,0,0
SILR5504,1,1,1,1,1,1,0,1,1,1,0,0,0,0,0,0
SILR5505,1,1,1,1,1,1,0,1,1,1,0,0,0,0,0,0
SILR5506,NA,1,1,1,1,1,0,1,1,1,0,0,NA,NA,0,0
SILR5507,1,1,1,1,1,1,0,1,1,1,0,0,0,0,0,0
SILR5508,NA,1,1,1,1,1,0,1,1,1,0,0,NA,NA,0,0
SILR5509,NA,1,1,NA,NA,NA,NA,NA,1,NA,NA,NA,NA,NA,NA,NA
SILR5510,1,1,1,1,1,1,0,1,1,1,0,0,0,0,0,0
SILR5511,1,1,1,1,1,1,0,1,1,1,0,0,0,0,0,0
SILR5512,NA,1,0.509161041,1,0,0.169474455,NA,NA,NA,NA,0,0,NA,NA,NA,NA
SILR5513,0.924160347,1,0.97139065,1,1,0.946307715,0,1,1,1,0,0,0,0,0,0
SILR5514,1,1,1,1,1,1,0,1,1,1,0,0,0,0,0,0
SILR5515,NA,1,0,1,1,NA,0,1,1,1,0,0,NA,NA,0.032009038,0.317642629
SILR5516,1,1,1,1,1,1,0,1,1,1,0,0,0,0,0,0
SILR5517,1,1,1,1,1,1,0,1,1,1,0,0,0,0,0,0
SILR5518,1,1,1,1,1,1,0,1,1,1,0,0,0,0,0,0
SILR5519,1,1,1,1,1,1,0,1,1,1,0,0,0,0,0,0
SILR5520,1,1,1,1,1,1,0,1,1,1,0,0,0,0,0,0
SILR5521,1,1,1,1,1,1,0,1,1,1,0,0,0,0,0,0
SNDI071886,NA,NA,NA,NA,NA,NA,NA,NA,NA,NA,NA,NA,NA,NA,NA,NA
SNDI071887,1,1,0,1,1,1,1,1,1,1,0,0,0,0,0,0
SNDI071888,0.940994854,1,1,1,1,0.976753712,0,1,1,1,0,0.964055794,0,0,0,0
SNDI071889,0.96437659,1,1,1,1,1,0,1,1,1,0,1,0,0,0,0
SNDI071891,1,1,1,1,1,1,0,1,1,1,0,1,0,0,0,0
SNDI071892,1,1,1,1,1,1,0,1,1,1,0,1,0,0,0,0
SNDI071893,1,1,1,1,1,1,0,1,1,1,0,0,0,0,0,0
SNDI071894,1,1,0,1,1,1,0,1,1,1,0,0,0,0,0,0
SNDI071895,1,1,1,1,1,1,0,1,1,1,0,1,0,0,0,0
SNDI071896,1,1,1,1,1,1,0,1,1,1,0,0,0,0,0,0
SNDI071897,1,1,1,1,1,0.959222174,0,1,1,1,0,0,0,0,0,0
SNDI071898,1,1,1,1,1,1,0,1,1,1,0,0,0,0,0,0
SNDI071899,1,1,1,1,1,1,0,1,1,1,0,0,0,0,0,0
SNDI071900,1,1,1,1,1,1,0,1,1,1,0,1,0,0,0,0
SNDI071901,1,0.964823298,0,1,1,0.933291835,0,1,1,1,0,1,0,0,0,0
SNDI071902,1,1,1,1,1,1,0,1,1,1,0,0,0,0,0,0
SNDI071903,1,1,0,1,1,1,0,1,1,1,0,0,0,0,0,0
SNDI071904,1,1,0.887869521,1,1,0.969208211,0,1,1,1,0,0,NA,NA,0,0
SNDI071905,1,1,1,1,1,1,0,1,1,1,0,0,0,0,0,0
SNDI071906,1,1,1,1,1,1,0,1,1,1,0,0,0,0,0,0
SNDI071907,1,1,1,1,1,1,0,1,1,1,0,0,0,0,0,0
SNDI071908,1,1,1,1,1,0.903639837,0,1,1,1,0,0.952584078,0,0,0,0
SNDI071909,1,1,1,1,1,1,0,1,1,1,0,1,0,0,0,0
SNDI071910,1,1,1,1,1,1,0,1,1,1,0,0,0,0,0,0
TGSH4238,1,1,0,1,1,1,0,1,1,1,0,0,0,0,0,0
TGSH4239,0,1,0,1,1,1,0,1,1,1,0,0,0,1,0,0
TGSH4240,0,1,0,1,1,1,0,1,1,1,0,0,0,1,0,0
TGSH4241,0,1,0,1,1,1,1,1,1,1,0,0,NA,NA,0,0
TGSH4242,1,1,1,1,1,1,0,1,1,1,0,0,0,0,0,0
TGSH4243,0,1,0,1,1,1,0,1,1,1,0,0,0,0,0,0
TGSH4244,1,1,0.118610487,1,0.2689787,0.211231557,0,1,1,1,0,0,0,0.103286385,0,0
TGSH4245,0,1,0,1,1,1,0,1,1,1,0,0,0,0,0,0
TGSH4246,1,1,0,1,1,1,0,1,1,1,0,0,0,0,1,0
TGSH4247,1,1,0,1,1,1,0,1,1,1,0,0,0,1,0,0
TGSH4248,NA,1,0.116795122,1,0.875,0.825961945,0,1,1,1,0,0,NA,NA,0,0
TGSH4249,0,1,0,1,0.977699115,1,0,1,1,1,0,0,0,0,0,0
TGSH4250,1,1,1,1,1,1,0,1,1,1,0,0,0,1,0,0
TGSH4251,0,1,0.121387283,1,1,1,0,1,1,1,0,0,0,1,0,0
TGSH4252,0.958333333,1,0,1,0,0,0,1,1,1,0,0,0,0,0,0
TGSH4253,0,1,0,1,1,1,0,1,1,1,0,0,0,1,0,0
TGSH4254,0,1,0,1,1,1,0,1,1,1,0,0,0,1,0,0
TGSH4255,0,1,0,1,1,1,0,1,1,1,0,0,0,1,0,0
TGSH4256,0,1,0,1,1,1,0,1,1,1,0,0,0,1,0,0
TGSH4257,1,1,0,1,1,1,0,1,1,1,0,0,0,0,0,0
TGSH4258,0,1,0.124497992,1,1,1,0,1,1,1,0,0,0,0.121408046,0.876497006,0
TGYE3689,0.96875,1,0,1,1,1,0,1,1,1,0,0,0,1,0,0
TGYE3690,0,1,1,1,1,1,0,1,1,1,0,0,0,0,0,0
TGYE3691,0.033661315,1,0,1,1,1,0,1,1,1,0,0,0,0.874813711,0,0
TGYE3692,NA,1,0,1,0,0.558471363,0.147083686,1,1,1,0,0,NA,NA,0,0
TGYE3693,0,1,0.271408312,1,1,1,0,1,1,1,0,0,0,1,0,0
TGYE3694,0,1,0,1,0.121907422,0.09970316,0,1,1,1,0,0,0,0.079143389,0,0
TGYE3695,0.157807309,1,0.149576363,1,1,1,0,1,1,1,0,0,0,1,0,0
TGYE3696,1,1,0.870501352,1,1,1,0,1,1,1,0,0,0,1,0,0
TGYE3697,1,1,0,1,1,1,0,1,1,1,0,0,0,1,0,0
TGYE3698,0.715019643,1,0,1,1,1,0,1,1,1,0,0,0,1,0,0
TGYE3699,0,1,0,1,1,1,0,1,1,1,0,0,0,1,0,0
TGYE3700,0.463245492,1,0.57299926,1,0.834154827,0.84191947,0,1,1,1,0,0,0,1,0,0
TGYE3701,1,1,0,1,1,1,0,1,1,1,0,0,0,1,0,0
TGYE3702,0,1,0,1,0.762269659,0.725991711,0,1,1,1,0,0,0,0.309278351,0,0
TGYE3703,NA,1,0.084935269,1,0,0.076367243,0,1,1,1,0,0,NA,NA,0,0
TGYE3704,0,1,0,1,1,1,0,1,1,1,0,0,0,1,0,0
TGYE3705,0,1,0,1,1,1,0,1,1,1,0,0,0,0,0,0
TGYE3706,0,1,0,1,1,1,0,1,1,1,0,0,0,0,0,0
TGYE3707,0,1,0,1,1,1,0,1,1,1,0,0,0,0,0,0
TGYE3708,0,1,0,1,1,1,0,1,1,1,0,0,0,0.943005181,0,0
TGYE3709,0.067700987,1,0,1,1,1,0,1,1,1,0,0,0,0.026864035,0,0
TGYE3710,0.451581028,1,0.894907271,NA,1,0.945839031,0,1,1,NA,0,0,NA,NA,0,0
